2;;CUNEIFORM SIGN A;;12000;;a
3;;CUNEIFORM SIGN A TIMES A;;12001;;a×a
4;;CUNEIFORM SIGN A TIMES BAD;;12002;;a×bad
5;;CUNEIFORM SIGN A TIMES GAN2 TENU;;12003;;a×gan<sub>2</sub>tenû
6;;CUNEIFORM SIGN A TIMES HA;;12004;;a×ḫa
7;;CUNEIFORM SIGN A TIMES IGI;;12005;;a×igi
8;;CUNEIFORM SIGN A TIMES LAGAR GUNU;;12006;;a×lagargunû
9;;CUNEIFORM SIGN A TIMES MUSH;;12007;;a×muš
10;;CUNEIFORM SIGN A TIMES SAG;;12008;;a×sag
11;;CUNEIFORM SIGN A2;;12009;;a<sub>2</sub>
12;;CUNEIFORM SIGN AB;;1200A;;ab
13;;CUNEIFORM SIGN AB TIMES ASH2;;1200B;;ab×aš<sub>2</sub>
14;;CUNEIFORM SIGN AB TIMES DUN3 GUNU;;1200C;;ab×dun<sub>3</sub>gunû
15;;CUNEIFORM SIGN AB TIMES GAL;;1200D;;ab×gal
16;;CUNEIFORM SIGN AB TIMES GAN2 TENU;;1200E;;ab×gal<sub>2</sub>gunû
17;;CUNEIFORM SIGN AB TIMES HA;;1200F;;ab×ḫa
18;;CUNEIFORM SIGN AB TIMES IGI GUNU;;12010;;ab×igigunû
19;;CUNEIFORM SIGN AB TIMES IMIN;;12011;;ab×imin
20;;CUNEIFORM SIGN AB TIMES LAGAB;;12012;;ab×lagab
21;;CUNEIFORM SIGN AB TIMES SHESH;;12013;;ab×šeš
22;;CUNEIFORM SIGN AB TIMES U PLUS U PLUS U;;12014;;ab×u+u+u
23;;CUNEIFORM SIGN AB GUNU;;12015;;abgunû
24;;CUNEIFORM SIGN AB2;;12016;;ab<sub>2</sub>
25;;CUNEIFORM SIGN AB2 TIMES BALAG;;12017;;ab<sub>2</sub>×balag
26;;CUNEIFORM SIGN AB2 TIMES GAN2 TENU;;12018;;ab2×gan<sub>2</sub>tenû
27;;CUNEIFORM SIGN AB2 TIMES ME PLUS EN;;12019;;ab<sub>2</sub>×me+en
28;;CUNEIFORM SIGN AB2 TIMES SHA3;;1201A;;ab<sub>2</sub>×ša<sub>3</sub>
29;;CUNEIFORM SIGN AB2 TIMES TAK4;;1201B;;ab<sub>2</sub>×tak<sub>4</sub>
30;;CUNEIFORM SIGN AD;;1201C;;ad
31;;CUNEIFORM SIGN AK;;1201D;;ak
32;;CUNEIFORM SIGN AK TIMES ERIN2;;1201E;;ak×erin<sub>2</sub>
33;;CUNEIFORM SIGN AK TIMES SHITA PLUS GISH;;1201F;;ak×šita+giš
34;;CUNEIFORM SIGN AL;;12020;;al
35;;CUNEIFORM SIGN AL TIMES AL;;12021;;al×al
36;;CUNEIFORM SIGN AL TIMES DIM2;;12022;;al×dim<sub>2</sub>
37;;CUNEIFORM SIGN AL TIMES GISH;;12023;;al×giš
38;;CUNEIFORM SIGN AL TIMES HA;;12024;;al×ḫa
39;;CUNEIFORM SIGN AL TIMES KAD3;;12025;;al×kad<sub>3</sub>
40;;CUNEIFORM SIGN AL TIMES KI;;12026;;al×ki
41;;CUNEIFORM SIGN AL TIMES SHE;;12027;;al×še
42;;CUNEIFORM SIGN AL TIMES USH;;12028;;al×uš
43;;CUNEIFORM SIGN ALAN;;12029;;alan
44;;CUNEIFORM SIGN ALEPH;;1202A;;aleph
45;;CUNEIFORM SIGN AMAR;;1202B;;amar
46;;CUNEIFORM SIGN AMAR TIMES SHE;;1202C;;amar×še
47;;CUNEIFORM SIGN AN;;1202D;;an
48;;CUNEIFORM SIGN AN OVER AN;;1202E;;an/an
49;;CUNEIFORM SIGN AN THREE TIMES;;1202F;;andreimal
50;;CUNEIFORM SIGN AN PLUS NAGA OPPOSING AN PLUS NAGA;;12030;;an+nagagegenüberan+naga
51;;CUNEIFORM SIGN AN PLUS NAGA SQUARED;;12031;;an+nagaimquadrat
52;;CUNEIFORM SIGN ANSHE;;12032;;anše
53;;CUNEIFORM SIGN APIN;;12033;;apin
54;;CUNEIFORM SIGN ARAD;;12034;;arad
55;;CUNEIFORM SIGN ARAD TIMES KUR;;12035;;arad×kur
56;;CUNEIFORM SIGN ARKAB;;12036;;arkab
57;;CUNEIFORM SIGN ASAL2;;12037;;asal<sub>2</sub>
58;;CUNEIFORM SIGN ASH;;12038;;aš
59;;CUNEIFORM SIGN ASH ZIDA TENU;;12039;;ašzidatenû
60;;CUNEIFORM SIGN ASH KABA TENU;;1203A;;aškabatenû
61;;CUNEIFORM SIGN ASH OVER ASH TUG2 OVER TUG2 TUG2 OVER TUG2 PAP;;1203B;;aš/aštug<sub>2</sub>/tug<sub>2</sub>tug<sub>2</sub>/tug<sub>2</sub>pap
62;;CUNEIFORM SIGN ASH OVER ASH OVER ASH;;1203C;;aš/aš/aš
63;;CUNEIFORM SIGN ASH OVER ASH OVER ASH CROSSING ASH OVER ASH OVER ASH;;1203D;;aš/aš/aškreuztaš/aš/aš
64;;CUNEIFORM SIGN ASH2;;1203E;;aš<sub>2</sub>
65;;CUNEIFORM SIGN ASHGAB;;1203F;;ašgab
66;;CUNEIFORM SIGN BA;;12040;;ba
67;;CUNEIFORM SIGN BAD;;12041;;bad
68;;CUNEIFORM SIGN BAG3;;12042;;bag<sub>3</sub>
69;;CUNEIFORM SIGN BAHAR2;;12043;;baḫar<sub>2</sub>
70;;CUNEIFORM SIGN BAL;;12044;;bal
71;;CUNEIFORM SIGN BAL OVER BAL;;12045;;bal/bal
72;;CUNEIFORM SIGN BALAG;;12046;;balag
73;;CUNEIFORM SIGN BAR;;12047;;bar
74;;CUNEIFORM SIGN BARA2;;12048;;bara<sub>2</sub>
75;;CUNEIFORM SIGN BI;;12049;;bi
76;;CUNEIFORM SIGN BI TIMES A;;1204A;;bi×a
77;;CUNEIFORM SIGN BI TIMES GAR;;1204B;;bi×gar
78;;CUNEIFORM SIGN BI TIMES IGI GUNU;;1204C;;bi×igigunû
79;;CUNEIFORM SIGN BU;;1204D;;bu
80;;CUNEIFORM SIGN BU OVER BU AB;;1204E;;bu/buab
81;;CUNEIFORM SIGN BU OVER BU UN;;1204F;;bu/buun
82;;CUNEIFORM SIGN BU CROSSING BU;;12050;;bukreuztbu
83;;CUNEIFORM SIGN BULUG;;12051;;bulug
84;;CUNEIFORM SIGN BULUG OVER BULUG;;12052;;bulug/bulug
85;;CUNEIFORM SIGN BUR;;12053;;bur
86;;CUNEIFORM SIGN BUR2;;12054;;bur<sub>2</sub>
87;;CUNEIFORM SIGN DA;;12055;;da
88;;CUNEIFORM SIGN DAG;;12056;;dag
89;;CUNEIFORM SIGN DAG KISIM5 TIMES A PLUS MASH;;12057;;dagkisim<sub>5</sub>×a+maš
90;;CUNEIFORM SIGN DAG KISIM5 TIMES AMAR;;12058;;dagkisim<sub>5</sub>×amar
91;;CUNEIFORM SIGN DAG KISIM5 TIMES BALAG;;12059;;dagkisim<sub>5</sub>×balag
92;;CUNEIFORM SIGN DAG KISIM5 TIMES BI;;1205A;;dagkisim<sub>5</sub>×bi
93;;CUNEIFORM SIGN DAG KISIM5 TIMES GA;;1205B;;dagkisim<sub>5</sub>×ga
94;;CUNEIFORM SIGN DAG KISIM5 TIMES GA PLUS MASH;;1205C;;dagkisim<sub>5</sub>×ga+maš
95;;CUNEIFORM SIGN DAG KISIM5 TIMES GI;;1205D;;dagkisim<sub>5</sub>×gi
96;;CUNEIFORM SIGN DAG KISIM5 TIMES GIR2;;1205E;;dagkisim<sub>5</sub>×gir<sub>2</sub>
97;;CUNEIFORM SIGN DAG KISIM5 TIMES GUD;;1205F;;dagkisim<sub>5</sub>×gud
98;;CUNEIFORM SIGN DAG KISIM5 TIMES HA;;12060;;dagkisim<sub>5</sub>×ḫa
99;;CUNEIFORM SIGN DAG KISIM5 TIMES IR;;12061;;dagkisim<sub>5</sub>×ir
100;;CUNEIFORM SIGN DAG KISIM5 TIMES IR PLUS LU;;12062;;dagkisim<sub>5</sub>×ir+lu
101;;CUNEIFORM SIGN DAG KISIM5 TIMES KAK;;12063;;dagkisim<sub>5</sub>×kak
102;;CUNEIFORM SIGN DAG KISIM5 TIMES LA;;12064;;dagkisim<sub>5</sub>×la
103;;CUNEIFORM SIGN DAG KISIM5 TIMES LU;;12065;;dagkisim<sub>5</sub>×lu
104;;CUNEIFORM SIGN DAG KISIM5 TIMES LU PLUS MASH2;;12066;;dagkisim<sub>5</sub>×lu+maš<sub>2</sub>
105;;CUNEIFORM SIGN DAG KISIM5 TIMES LUM;;12067;;dagkisim<sub>5</sub>×lum
106;;CUNEIFORM SIGN DAG KISIM5 TIMES NE;;12068;;dagkisim<sub>5</sub>×ne
107;;CUNEIFORM SIGN DAG KISIM5 TIMES PAP PLUS PAP;;12069;;dagkisim<sub>5</sub>×pap+pap
108;;CUNEIFORM SIGN DAG KISIM5 TIMES SI;;1206A;;dagkisim<sub>5</sub>×si
109;;CUNEIFORM SIGN DAG KISIM5 TIMES TAK4;;1206B;;dagkisim<sub>5</sub>×tak<sub>4</sub>
110;;CUNEIFORM SIGN DAG KISIM5 TIMES U2 PLUS GIR2;;1206C;;dagkisim<sub>5</sub>×u<sub>2</sub>+gir<sub>2</sub>
111;;CUNEIFORM SIGN DAG KISIM5 TIMES USH;;1206D;;dagkisim<sub>5</sub>×uš
112;;CUNEIFORM SIGN DAM;;1206E;;dam
113;;CUNEIFORM SIGN DAR;;1206F;;dar
114;;CUNEIFORM SIGN DARA3;;12070;;dara<sub>3</sub>
115;;CUNEIFORM SIGN DARA4;;12071;;dara<sub>4</sub>
116;;CUNEIFORM SIGN DI;;12072;;di
117;;CUNEIFORM SIGN DIB;;12073;;dib
118;;CUNEIFORM SIGN DIM;;12074;;dim
119;;CUNEIFORM SIGN DIM TIMES SHE;;12075;;dim×še
120;;CUNEIFORM SIGN DIM2;;12076;;dim<sub>2</sub>
121;;CUNEIFORM SIGN DIN;;12077;;din
122;;CUNEIFORM SIGN DIN KASKAL U GUNU DISH;;12078;;dinkaskalugunûdiš
123;;CUNEIFORM SIGN DISH;;12079;;diš
124;;CUNEIFORM SIGN DU;;1207A;;du
125;;CUNEIFORM SIGN DU OVER DU;;1207B;;du/du
126;;CUNEIFORM SIGN DU GUNU;;1207C;;dugunû
127;;CUNEIFORM SIGN DU SHESHIG;;1207D;;dušešig
128;;CUNEIFORM SIGN DUB;;1207E;;dub
129;;CUNEIFORM SIGN DUB TIMES ESH2;;1207F;;dub×eš<sub>2</sub>
130;;CUNEIFORM SIGN DUB2;;12080;;dub<sub>2</sub>
131;;CUNEIFORM SIGN DUG;;12081;;dug
132;;CUNEIFORM SIGN DUGUD;;12082;;dugud
133;;CUNEIFORM SIGN DUH;;12083;;duḫ
134;;CUNEIFORM SIGN DUN;;12084;;dun
135;;CUNEIFORM SIGN DUN3;;12085;;dun<sub>3</sub>
136;;CUNEIFORM SIGN DUN3 GUNU;;12086;;dun<sub>3</sub>gunû
137;;CUNEIFORM SIGN DUN3 GUNU GUNU;;12087;;dun<sub>3</sub>gunûgunû
138;;CUNEIFORM SIGN DUN4;;12088;;dun<sub>4</sub>
139;;CUNEIFORM SIGN DUR2;;12089;;dur<sub>2</sub>
140;;CUNEIFORM SIGN E;;1208A;;e
141;;CUNEIFORM SIGN E TIMES PAP;;1208B;;e×pap
142;;CUNEIFORM SIGN E OVER E NUN OVER NUN;;1208C;;e/enun/nun
143;;CUNEIFORM SIGN E2;;1208D;;e<sub>2</sub>
144;;CUNEIFORM SIGN E2 TIMES A PLUS HA PLUS DA;;1208E;;e<sub>2</sub>×a+ḫa+da
145;;CUNEIFORM SIGN E2 TIMES GAR;;1208F;;e<sub>2</sub>×gar
146;;CUNEIFORM SIGN E2 TIMES MI;;12090;;e<sub>2</sub>×mi
147;;CUNEIFORM SIGN E2 TIMES SAL;;12091;;e<sub>2</sub>×sal
148;;CUNEIFORM SIGN E2 TIMES SHE;;12092;;e<sub>2</sub>×še
149;;CUNEIFORM SIGN E2 TIMES U;;12093;;e<sub>2</sub>×u
150;;CUNEIFORM SIGN EDIN;;12094;;edin
151;;CUNEIFORM SIGN EGIR;;12095;;egir
152;;CUNEIFORM SIGN EL;;12096;;el
153;;CUNEIFORM SIGN EN;;12097;;en
154;;CUNEIFORM SIGN EN TIMES GAN2;;12098;;en×gan<sub>2</sub>
155;;CUNEIFORM SIGN EN TIMES GAN2 TENU;;12099;;en×gan<sub>2</sub>tenû
156;;CUNEIFORM SIGN EN TIMES ME;;1209A;;en×me
157;;CUNEIFORM SIGN EN CROSSING EN;;1209B;;enkreuzten
158;;CUNEIFORM SIGN EN OPPOSING EN;;1209C;;engegenüberen
159;;CUNEIFORM SIGN EN SQUARED;;1209D;;enimquadrat
160;;CUNEIFORM SIGN EREN;;1209E;;eren
161;;CUNEIFORM SIGN ERIN2;;1209F;;erin<sub>2</sub>
162;;CUNEIFORM SIGN ESH2;;120A0;;eš<sub>2</sub>
163;;CUNEIFORM SIGN EZEN;;120A1;;ezen
164;;CUNEIFORM SIGN EZEN TIMES A;;120A2;;ezen×a
165;;CUNEIFORM SIGN EZEN TIMES A PLUS LAL;;120A3;;ezen×a+lal
166;;CUNEIFORM SIGN EZEN TIMES A PLUS LAL TIMES LAL;;120A4;;ezen×a+lal×lal
167;;CUNEIFORM SIGN EZEN TIMES AN;;120A5;;ezen×an
168;;CUNEIFORM SIGN EZEN TIMES BAD;;120A6;;ezen×bad
169;;CUNEIFORM SIGN EZEN TIMES DUN3 GUNU;;120A7;;ezen×dun<sub>3</sub>gunû
170;;CUNEIFORM SIGN EZEN TIMES DUN3 GUNU GUNU;;120A8;;ezen×dun<sub>3</sub>gunûgunû
171;;CUNEIFORM SIGN EZEN TIMES HA;;120A9;;ezen×ḫa
172;;CUNEIFORM SIGN EZEN TIMES HA GUNU;;120AA;;ezen×ḫagunû
173;;CUNEIFORM SIGN EZEN TIMES IGI GUNU;;120AB;;ezen×igigunû
174;;CUNEIFORM SIGN EZEN TIMES KASKAL;;120AC;;ezen×kaskal
175;;CUNEIFORM SIGN EZEN TIMES KASKAL SQUARED;;120AD;;ezen×kaskalimquadrat
176;;CUNEIFORM SIGN EZEN TIMES KU3;;120AE;;ezen×ku<sub>3</sub>
177;;CUNEIFORM SIGN EZEN TIMES LA;;120AF;;ezen×la
178;;CUNEIFORM SIGN EZEN TIMES LAL TIMES LAL;;120B0;;ezen×lal×lal
179;;CUNEIFORM SIGN EZEN TIMES LI;;120B1;;ezen×li
180;;CUNEIFORM SIGN EZEN TIMES LU;;120B2;;ezen×lu
181;;CUNEIFORM SIGN EZEN TIMES U2;;120B3;;ezen×u<sub>2</sub>
182;;CUNEIFORM SIGN EZEN TIMES UD;;120B4;;ezen×ud
183;;CUNEIFORM SIGN GA;;120B5;;ga
184;;CUNEIFORM SIGN GA GUNU;;120B6;;gagunû
185;;CUNEIFORM SIGN GA2;;120B7;;ga<sub>2</sub>
186;;CUNEIFORM SIGN GA2 TIMES A PLUS DA PLUS HA;;120B8;;ga<sub>2</sub>×a+da+ḫa
187;;CUNEIFORM SIGN GA2 TIMES A PLUS HA;;120B9;;ga<sub>2</sub>×a+ḫa
188;;CUNEIFORM SIGN GA2 TIMES A PLUS IGI;;120BA;;ga<sub>2</sub>×a+igi
189;;CUNEIFORM SIGN GA2 TIMES AB2 TENU PLUS TAB;;120BB;;ga<sub>2</sub>×ab<sub>2</sub>tenû+tab
190;;CUNEIFORM SIGN GA2 TIMES AN;;120BC;;ga<sub>2</sub>×an
191;;CUNEIFORM SIGN GA2 TIMES ASH;;120BD;;ga<sub>2</sub>×aš
192;;CUNEIFORM SIGN GA2 TIMES ASH2 PLUS GAL;;120BE;;ga<sub>2</sub>×aš<sub>2</sub>+gal
193;;CUNEIFORM SIGN GA2 TIMES BAD;;120BF;;ga<sub>2</sub>×bad
194;;CUNEIFORM SIGN GA2 TIMES BAR PLUS RA;;120C0;;ga<sub>2</sub>×bar+ra
195;;CUNEIFORM SIGN GA2 TIMES BUR;;120C1;;ga<sub>2</sub>×bur
196;;CUNEIFORM SIGN GA2 TIMES BUR PLUS RA;;120C2;;ga<sub>2</sub>×bur+ra
197;;CUNEIFORM SIGN GA2 TIMES DA;;120C3;;ga<sub>2</sub>×da
198;;CUNEIFORM SIGN GA2 TIMES DI;;120C4;;ga<sub>2</sub>×di
199;;CUNEIFORM SIGN GA2 TIMES DIM TIMES SHE;;120C5;;ga<sub>2</sub>×dim×še
200;;CUNEIFORM SIGN GA2 TIMES DUB;;120C6;;ga<sub>2</sub>×dub
201;;CUNEIFORM SIGN GA2 TIMES EL;;120C7;;ga<sub>2</sub>×el
202;;CUNEIFORM SIGN GA2 TIMES EL PLUS LA;;120C8;;ga<sub>2</sub>×el+la
203;;CUNEIFORM SIGN GA2 TIMES EN;;120C9;;ga<sub>2</sub>×en
204;;CUNEIFORM SIGN GA2 TIMES EN TIMES GAN2 TENU;;120CA;;ga<sub>2</sub>×en×gan<sub>2</sub>tenû
205;;CUNEIFORM SIGN GA2 TIMES GAN2 TENU;;120CB;;ga<sub>2</sub>×gan<sub>2</sub>tenû
206;;CUNEIFORM SIGN GA2 TIMES GAR;;120CC;;ga<sub>2</sub>×gar
207;;CUNEIFORM SIGN GA2 TIMES GI;;120CD;;ga<sub>2</sub>×gi
208;;CUNEIFORM SIGN GA2 TIMES GI4;;120CE;;ga<sub>2</sub>×gi<sub>4</sub>
209;;CUNEIFORM SIGN GA2 TIMES GI4 PLUS A;;120CF;;ga<sub>2</sub>×gi<sub>4</sub>+a
210;;CUNEIFORM SIGN GA2 TIMES GIR2 PLUS SU;;120D0;;ga<sub>2</sub>×gir<sub>2</sub>+su
211;;CUNEIFORM SIGN GA2 TIMES HA PLUS LU PLUS ESH2;;120D1;;ga<sub>2</sub>×ḫa+lu+eš<sub>2</sub>
212;;CUNEIFORM SIGN GA2 TIMES HAL;;120D2;;ga<sub>2</sub>×ḫal
213;;CUNEIFORM SIGN GA2 TIMES HAL PLUS LA;;120D3;;ga<sub>2</sub>×ḫal+la
214;;CUNEIFORM SIGN GA2 TIMES HI PLUS LI;;120D4;;ga<sub>2</sub>×ḫi
215;;CUNEIFORM SIGN GA2 TIMES HUB2;;120D5;;ga<sub>2</sub>×ḫub<sub>2</sub>
216;;CUNEIFORM SIGN GA2 TIMES IGI GUNU;;120D6;;ga<sub>2</sub>×igigunû
217;;CUNEIFORM SIGN GA2 TIMES ISH PLUS HU PLUS ASH;;120D7;;ga<sub>2</sub>×iš+ḫu+aš
218;;CUNEIFORM SIGN GA2 TIMES KAK;;120D8;;ga<sub>2</sub>×kak
219;;CUNEIFORM SIGN GA2 TIMES KASKAL;;120D9;;ga<sub>2</sub>×kaskal
220;;CUNEIFORM SIGN GA2 TIMES KID;;120DA;;ga<sub>2</sub>×kid
221;;CUNEIFORM SIGN GA2 TIMES KID PLUS LAL;;120DB;;ga<sub>2</sub>×kid+lal
222;;CUNEIFORM SIGN GA2 TIMES KU3 PLUS AN;;120DC;;ga<sub>2</sub>×ku<sub>3</sub>+an
223;;CUNEIFORM SIGN GA2 TIMES LA;;120DD;;ga<sub>2</sub>×la
224;;CUNEIFORM SIGN GA2 TIMES ME PLUS EN;;120DE;;ga<sub>2</sub>×me+en
225;;CUNEIFORM SIGN GA2 TIMES MI;;120DF;;ga<sub>2</sub>×mi
226;;CUNEIFORM SIGN GA2 TIMES NUN;;120E0;;ga<sub>2</sub>×nun
227;;CUNEIFORM SIGN GA2 TIMES NUN OVER NUN;;120E1;;ga<sub>2</sub>×nun/nun
228;;CUNEIFORM SIGN GA2 TIMES PA;;120E2;;ga<sub>2</sub>×pa
229;;CUNEIFORM SIGN GA2 TIMES SAL;;120E3;;ga<sub>2</sub>×sal
230;;CUNEIFORM SIGN GA2 TIMES SAR;;120E4;;ga<sub>2</sub>×sar
231;;CUNEIFORM SIGN GA2 TIMES SHE;;120E5;;ga<sub>2</sub>×še
232;;CUNEIFORM SIGN GA2 TIMES SHE PLUS TUR;;120E6;;ga<sub>2</sub>×še+tur
233;;CUNEIFORM SIGN GA2 TIMES SHID;;120E7;;ga<sub>2</sub>×šid
234;;CUNEIFORM SIGN GA2 TIMES SUM;;120E8;;ga<sub>2</sub>×sum
235;;CUNEIFORM SIGN GA2 TIMES TAK4;;120E9;;ga<sub>2</sub>×tak<sub>4</sub>
236;;CUNEIFORM SIGN GA2 TIMES U;;120EA;;ga<sub>2</sub>×u
237;;CUNEIFORM SIGN GA2 TIMES UD;;120EB;;ga<sub>2</sub>×ud
238;;CUNEIFORM SIGN GA2 TIMES UD PLUS DU;;120EC;;ga<sub>2</sub>×ud+du
239;;CUNEIFORM SIGN GA2 OVER GA2;;120ED;;ga<sub>2</sub>/ga<sub>2</sub>
240;;CUNEIFORM SIGN GABA;;120EE;;gaba
241;;CUNEIFORM SIGN GABA CROSSING GABA;;120EF;;gabakreuztgaba
242;;CUNEIFORM SIGN GAD;;120F0;;gad
243;;CUNEIFORM SIGN GAD OVER GAD GAR OVER GAR;;120F1;;gad/gadgar/gar
244;;CUNEIFORM SIGN GAL;;120F2;;gal
245;;CUNEIFORM SIGN GAL GAD OVER GAD GAR OVER GAR;;120F3;;galgad/gadgar/gar
246;;CUNEIFORM SIGN GALAM;;120F4;;galam
247;;CUNEIFORM SIGN GAM;;120F5;;gam
248;;CUNEIFORM SIGN GAN;;120F6;;gan
249;;CUNEIFORM SIGN GAN2;;120F7;;gan<sub>2</sub>
250;;CUNEIFORM SIGN GAN2 TENU;;120F8;;gan<sub>2</sub>tenû
251;;CUNEIFORM SIGN GAN2 OVER GAN2;;120F9;;gan<sub>2</sub>/gan<sub>2</sub>
252;;CUNEIFORM SIGN GAN2 CROSSING GAN2;;120FA;;gan<sub>2</sub>kreuztgan<sub>2</sub>
253;;CUNEIFORM SIGN GAR;;120FB;;gar
254;;CUNEIFORM SIGN GAR3;;120FC;;gar<sub>3</sub>
255;;CUNEIFORM SIGN GASHAN;;120FD;;gašan
256;;CUNEIFORM SIGN GESHTIN;;120FE;;geštin
257;;CUNEIFORM SIGN GESHTIN TIMES KUR;;120FF;;geštin×kur
258;;CUNEIFORM SIGN GI;;12100;;gi
259;;CUNEIFORM SIGN GI TIMES E;;12101;;gi×e
260;;CUNEIFORM SIGN GI TIMES U;;12102;;gi×u
261;;CUNEIFORM SIGN GI CROSSING GI;;12103;;gikreuztgi
262;;CUNEIFORM SIGN GI4;;12104;;gi<sub>4</sub>
263;;CUNEIFORM SIGN GI4 OVER GI4;;12105;;gi<sub>4</sub>/gi<sub>4</sub>
264;;CUNEIFORM SIGN GI4 CROSSING GI4;;12106;;gi<sub>4</sub>kreuztgi<sub>4</sub>
265;;CUNEIFORM SIGN GIDIM;;12107;;gidim
266;;CUNEIFORM SIGN GIR2;;12108;;gir<sub>2</sub>
267;;CUNEIFORM SIGN GIR2 GUNU;;12109;;gir<sub>2</sub>gunû
268;;CUNEIFORM SIGN GIR3;;1210A;;gir<sub>3</sub>
269;;CUNEIFORM SIGN GIR3 TIMES A PLUS IGI;;1210B;;gir<sub>3</sub>×a+igi
270;;CUNEIFORM SIGN GIR3 TIMES GAN2 TENU;;1210C;;gir<sub>3</sub>×gan<sub>2</sub>tenû
271;;CUNEIFORM SIGN GIR3 TIMES IGI;;1210D;;gir<sub>3</sub>×igi
272;;CUNEIFORM SIGN GIR3 TIMES LU PLUS IGI;;1210E;;gir<sub>3</sub>×lu+igi
273;;CUNEIFORM SIGN GIR3 TIMES PA;;1210F;;gir<sub>3</sub>×pa
274;;CUNEIFORM SIGN GISAL;;12110;;gisal
275;;CUNEIFORM SIGN GISH;;12111;;giš
276;;CUNEIFORM SIGN GISH CROSSING GISH;;12112;;giškreuztgiš
277;;CUNEIFORM SIGN GISH TIMES BAD;;12113;;giš×bad
278;;CUNEIFORM SIGN GISH TIMES TAK4;;12114;;giš×tak<sub>4</sub>
279;;CUNEIFORM SIGN GISH TENU;;12115;;gištenû
280;;CUNEIFORM SIGN GU;;12116;;gu
281;;CUNEIFORM SIGN GU CROSSING GU;;12117;;gukreuztgu
282;;CUNEIFORM SIGN GU2;;12118;;gu<sub>2</sub>
283;;CUNEIFORM SIGN GU2 TIMES KAK;;12119;;gu<sub>2</sub>×kak
284;;CUNEIFORM SIGN GU2 TIMES KAK TIMES IGI GUNU;;1211A;;gu<sub>2</sub>×kak×igigunû
285;;CUNEIFORM SIGN GU2 TIMES NUN;;1211B;;gu<sub>2</sub>×nun
286;;CUNEIFORM SIGN GU2 TIMES SAL PLUS TUG2;;1211C;;gu<sub>2</sub>×sal+tug<sub>2</sub>
287;;CUNEIFORM SIGN GU2 GUNU;;1211D;;gu<sub>2</sub>gunû
288;;CUNEIFORM SIGN GUD;;1211E;;gud
289;;CUNEIFORM SIGN GUD TIMES A PLUS KUR;;1211F;;gud×a+kur
290;;CUNEIFORM SIGN GUD TIMES KUR;;12120;;gud×kur
291;;CUNEIFORM SIGN GUD OVER GUD LUGAL;;12121;;gud/gudlugal
292;;CUNEIFORM SIGN GUL;;12122;;gul
293;;CUNEIFORM SIGN GUM;;12123;;gum
294;;CUNEIFORM SIGN GUM TIMES SHE;;12124;;gum×še
295;;CUNEIFORM SIGN GUR;;12125;;gur
296;;CUNEIFORM SIGN GUR7;;12126;;gur<sub>7</sub>
297;;CUNEIFORM SIGN GURUN;;12127;;gurun
298;;CUNEIFORM SIGN GURUSH;;12128;;guruš
299;;CUNEIFORM SIGN HA;;12129;;ḫa
300;;CUNEIFORM SIGN HA TENU;;1212A;;ḫatenû
301;;CUNEIFORM SIGN HA GUNU;;1212B;;ḫagunû
302;;CUNEIFORM SIGN HAL;;1212C;;ḫal
303;;CUNEIFORM SIGN HI;;1212D;;ḫi
304;;CUNEIFORM SIGN HI TIMES ASH;;1212E;;ḫi×aš
305;;CUNEIFORM SIGN HI TIMES ASH2;;1212F;;ḫi×aš<sub>2</sub>
306;;CUNEIFORM SIGN HI TIMES BAD;;12130;;ḫi×bad
307;;CUNEIFORM SIGN HI TIMES DISH;;12131;;ḫi×diš
308;;CUNEIFORM SIGN HI TIMES GAD;;12132;;ḫi×gad
309;;CUNEIFORM SIGN HI TIMES KIN;;12133;;ḫi×kin
310;;CUNEIFORM SIGN HI TIMES NUN;;12134;;ḫi×nun
311;;CUNEIFORM SIGN HI TIMES SHE;;12135;;ḫi×še
312;;CUNEIFORM SIGN HI TIMES U;;12136;;ḫi×u
313;;CUNEIFORM SIGN HU;;12137;;ḫu
314;;CUNEIFORM SIGN HUB2;;12138;;ḫub<sub>2</sub>
315;;CUNEIFORM SIGN HUB2 TIMES AN;;12139;;ḫub<sub>2</sub>×an
316;;CUNEIFORM SIGN HUB2 TIMES HAL;;1213A;;ḫub<sub>2</sub>×ḫal
317;;CUNEIFORM SIGN HUB2 TIMES KASKAL;;1213B;;ḫub<sub>2</sub>×kaskal
318;;CUNEIFORM SIGN HUB2 TIMES LISH;;1213C;;ḫub<sub>2</sub>×liš
319;;CUNEIFORM SIGN HUB2 TIMES UD;;1213D;;ḫub<sub>2</sub>×ud
320;;CUNEIFORM SIGN HUL2;;1213E;;ḫul<sub>2</sub>
321;;CUNEIFORM SIGN I;;1213F;;i
322;;CUNEIFORM SIGN I A;;12140;;ia
323;;CUNEIFORM SIGN IB;;12141;;ib
324;;CUNEIFORM SIGN IDIM;;12142;;idim
325;;CUNEIFORM SIGN IDIM OVER IDIM BUR;;12143;;idim/idimbur
326;;CUNEIFORM SIGN IDIM OVER IDIM SQUARED;;12144;;idim/idimimquadrat
327;;CUNEIFORM SIGN IG;;12145;;ig
328;;CUNEIFORM SIGN IGI;;12146;;igi
329;;CUNEIFORM SIGN IGI DIB;;12147;;igidib
330;;CUNEIFORM SIGN IGI RI;;12148;;igiri
331;;CUNEIFORM SIGN IGI OVER IGI SHIR OVER SHIR UD OVER UD;;12149;;igi/igišir/širud/ud
332;;CUNEIFORM SIGN IGI GUNU;;1214A;;igigunû
333;;CUNEIFORM SIGN IL;;1214B;;il
334;;CUNEIFORM SIGN IL TIMES GAN2 TENU;;1214C;;il×gan<sub>2</sub>tenû
335;;CUNEIFORM SIGN IL2;;1214D;;il<sub>2</sub>
336;;CUNEIFORM SIGN IM;;1214E;;im
337;;CUNEIFORM SIGN IM TIMES TAK4;;1214F;;im×tak<sub>4</sub>
338;;CUNEIFORM SIGN IM CROSSING IM;;12150;;imkreuztim
339;;CUNEIFORM SIGN IM OPPOSING IM;;12151;;imgegenüberim
340;;CUNEIFORM SIGN IM SQUARED;;12152;;imimquadrat
341;;CUNEIFORM SIGN IMIN;;12153;;imin
342;;CUNEIFORM SIGN IN;;12154;;in
343;;CUNEIFORM SIGN IR;;12155;;ir
344;;CUNEIFORM SIGN ISH;;12156;;iš
345;;CUNEIFORM SIGN KA;;12157;;ka
346;;CUNEIFORM SIGN KA TIMES A;;12158;;ka×a
347;;CUNEIFORM SIGN KA TIMES AD;;12159;;ka×ad
348;;CUNEIFORM SIGN KA TIMES AD PLUS KU3;;1215A;;ka×ad+ku<sub>3</sub>
349;;CUNEIFORM SIGN KA TIMES ASH2;;1215B;;ka×aš<sub>2</sub>
350;;CUNEIFORM SIGN KA TIMES BAD;;1215C;;ka×bad
351;;CUNEIFORM SIGN KA TIMES BALAG;;1215D;;ka×balag
352;;CUNEIFORM SIGN KA TIMES BAR;;1215E;;ka×bar
353;;CUNEIFORM SIGN KA TIMES BI;;1215F;;ka×bi
354;;CUNEIFORM SIGN KA TIMES ERIN2;;12160;;ka×erin<sub>2</sub>
355;;CUNEIFORM SIGN KA TIMES ESH2;;12161;;ka×eš<sub>2</sub>
356;;CUNEIFORM SIGN KA TIMES GA;;12162;;ka×ga
357;;CUNEIFORM SIGN KA TIMES GAL;;12163;;ka×gal
358;;CUNEIFORM SIGN KA TIMES GAN2 TENU;;12164;;ka×gan<sub>2</sub>tenû
359;;CUNEIFORM SIGN KA TIMES GAR;;12165;;ka×gar
360;;CUNEIFORM SIGN KA TIMES GAR PLUS SHA3 PLUS A;;12166;;ka×gar+ša<sub>3</sub>+a
361;;CUNEIFORM SIGN KA TIMES GI;;12167;;ka×gi
362;;CUNEIFORM SIGN KA TIMES GIR2;;12168;;ka×gir<sub>2</sub>
363;;CUNEIFORM SIGN KA TIMES GISH PLUS SAR;;12169;;ka×giš+sar
364;;CUNEIFORM SIGN KA TIMES GISH CROSSING GISH;;1216A;;ka×giškreuztgiš
365;;CUNEIFORM SIGN KA TIMES GU;;1216B;;ka×gu
366;;CUNEIFORM SIGN KA TIMES GUR7;;1216C;;ka×gur<sub>7</sub>
367;;CUNEIFORM SIGN KA TIMES IGI;;1216D;;ka×igi
368;;CUNEIFORM SIGN KA TIMES IM;;1216E;;ka×im
369;;CUNEIFORM SIGN KA TIMES KAK;;1216F;;ka×kak
370;;CUNEIFORM SIGN KA TIMES KI;;12170;;ka×ki
371;;CUNEIFORM SIGN KA TIMES KID;;12171;;ka×kid
372;;CUNEIFORM SIGN KA TIMES LI;;12172;;ka×li
373;;CUNEIFORM SIGN KA TIMES LU;;12173;;ka×lu
374;;CUNEIFORM SIGN KA TIMES ME;;12174;;ka×me
375;;CUNEIFORM SIGN KA TIMES ME PLUS DU;;12175;;ka×me+du
376;;CUNEIFORM SIGN KA TIMES ME PLUS GI;;12176;;ka×me+gi
377;;CUNEIFORM SIGN KA TIMES ME PLUS TE;;12177;;ka×me+te
378;;CUNEIFORM SIGN KA TIMES MI;;12178;;ka×mi
379;;CUNEIFORM SIGN KA TIMES MI PLUS NUNUZ;;12179;;ka×mi+nunuz
380;;CUNEIFORM SIGN KA TIMES NE;;1217A;;ka×ne
381;;CUNEIFORM SIGN KA TIMES NUN;;1217B;;ka×nun
382;;CUNEIFORM SIGN KA TIMES PI;;1217C;;ka×pi
383;;CUNEIFORM SIGN KA TIMES RU;;1217D;;ka×ru
384;;CUNEIFORM SIGN KA TIMES SA;;1217E;;ka×sa
385;;CUNEIFORM SIGN KA TIMES SAR;;1217F;;ka×sar
386;;CUNEIFORM SIGN KA TIMES SHA;;12180;;ka×ša
387;;CUNEIFORM SIGN KA TIMES SHE;;12181;;ka×še
388;;CUNEIFORM SIGN KA TIMES SHID;;12182;;ka×šid
389;;CUNEIFORM SIGN KA TIMES SHU;;12183;;ka×šu
390;;CUNEIFORM SIGN KA TIMES SIG;;12184;;ka×sig
391;;CUNEIFORM SIGN KA TIMES SUHUR;;12185;;ka×suhur
392;;CUNEIFORM SIGN KA TIMES TAR;;12186;;ka×tar
393;;CUNEIFORM SIGN KA TIMES U;;12187;;ka×u
394;;CUNEIFORM SIGN KA TIMES U2;;12188;;ka×u<sub>2</sub>
395;;CUNEIFORM SIGN KA TIMES UD;;12189;;ka×ud
396;;CUNEIFORM SIGN KA TIMES UMUM TIMES PA;;1218A;;ka×umum×pa
397;;CUNEIFORM SIGN KA TIMES USH;;1218B;;ka×uš
398;;CUNEIFORM SIGN KA TIMES ZI;;1218C;;ka×zi
399;;CUNEIFORM SIGN KA2;;1218D;;ka<sub>2</sub>
400;;CUNEIFORM SIGN KA2 CROSSING KA2;;1218E;;ka<sub>2</sub>kreuztka<sub>2</sub>
401;;CUNEIFORM SIGN KAB;;1218F;;kab
402;;CUNEIFORM SIGN KAD2;;12190;;kad<sub>2</sub>
403;;CUNEIFORM SIGN KAD3;;12191;;kad<sub>3</sub>
404;;CUNEIFORM SIGN KAD4;;12192;;kad<sub>4</sub>
405;;CUNEIFORM SIGN KAD5;;12193;;kad<sub>5</sub>
406;;CUNEIFORM SIGN KAD5 OVER KAD5;;12194;;kad<sub>5</sub>/kad<sub>5</sub>
407;;CUNEIFORM SIGN KAK;;12195;;kak
408;;CUNEIFORM SIGN KAK TIMES IGI GUNU;;12196;;kak×igigunû
409;;CUNEIFORM SIGN KAL;;12197;;kal
410;;CUNEIFORM SIGN KAL TIMES BAD;;12198;;kal×bad
411;;CUNEIFORM SIGN KAL CROSSING KAL;;12199;;kalkreuztkal
412;;CUNEIFORM SIGN KAM2;;1219A;;kam<sub>2</sub>
413;;CUNEIFORM SIGN KAM4;;1219B;;kam<sub>4</sub>
414;;CUNEIFORM SIGN KASKAL;;1219C;;kaskal
415;;CUNEIFORM SIGN KASKAL LAGAB TIMES U OVER LAGAB TIMES U;;1219D;;kaskallagab×u/lagab×u
416;;CUNEIFORM SIGN KASKAL OVER KASKAL LAGAB TIMES U OVER LAGAB TIMES U;;1219E;;kaskal/kaskallagab×u/lagab×u
417;;CUNEIFORM SIGN KESH2;;1219F;;keš<sub>2</sub>
418;;CUNEIFORM SIGN KI;;121A0;;ki
419;;CUNEIFORM SIGN KI TIMES BAD;;121A1;;ki×bad
420;;CUNEIFORM SIGN KI TIMES U;;121A2;;ki×u
421;;CUNEIFORM SIGN KI TIMES UD;;121A3;;ki×ud
422;;CUNEIFORM SIGN KID;;121A4;;kid
423;;CUNEIFORM SIGN KIN;;121A5;;kin
424;;CUNEIFORM SIGN KISAL;;121A6;;kisal
425;;CUNEIFORM SIGN KISH;;121A7;;kiš
426;;CUNEIFORM SIGN KISIM5;;121A8;;kisim<sub>5</sub>
427;;CUNEIFORM SIGN KISIM5 OVER KISIM5;;121A9;;kisim<sub>5</sub>/kisim<sub>5</sub>
428;;CUNEIFORM SIGN KU;;121AA;;ku
429;;CUNEIFORM SIGN KU OVER HI TIMES ASH2 KU OVER HI TIMES ASH2;;121AB;;ku/hi×aš<sub>2</sub>ku/hi×aš<sub>2</sub>
430;;CUNEIFORM SIGN KU3;;121AC;;ku<sub>3</sub>
431;;CUNEIFORM SIGN KU4;;121AD;;ku<sub>4</sub>
432;;CUNEIFORM SIGN KU4 VARIANT FORM;;121AE;;ku<sub>4</sub>(variante)
433;;CUNEIFORM SIGN KU7;;121AF;;ku<sub>7</sub>
434;;CUNEIFORM SIGN KUL;;121B0;;kul
435;;CUNEIFORM SIGN KUL GUNU;;121B1;;kulgunû
436;;CUNEIFORM SIGN KUN;;121B2;;kun
437;;CUNEIFORM SIGN KUR;;121B3;;kur
438;;CUNEIFORM SIGN KUR OPPOSING KUR;;121B4;;kurgegenüberkur
439;;CUNEIFORM SIGN KUSHU2;;121B5;;kušu<sub>2</sub>
440;;CUNEIFORM SIGN KWU318;;121B6;;kwu<sub>318</sub>
441;;CUNEIFORM SIGN LA;;121B7;;la
442;;CUNEIFORM SIGN LAGAB;;121B8;;lagab
443;;CUNEIFORM SIGN LAGAB TIMES A;;121B9;;lagab×a
444;;CUNEIFORM SIGN LAGAB TIMES A PLUS DA PLUS HA;;121BA;;lagab×a+da+ḫa
445;;CUNEIFORM SIGN LAGAB TIMES A PLUS GAR;;121BB;;lagab×a+gar
446;;CUNEIFORM SIGN LAGAB TIMES A PLUS LAL;;121BC;;lagab×a+lal
447;;CUNEIFORM SIGN LAGAB TIMES AL;;121BD;;lagab×al
448;;CUNEIFORM SIGN LAGAB TIMES AN;;121BE;;lagab×an
449;;CUNEIFORM SIGN LAGAB TIMES ASH ZIDA TENU;;121BF;;lagab×ašzidatenû
450;;CUNEIFORM SIGN LAGAB TIMES BAD;;121C0;;lagab×bad
451;;CUNEIFORM SIGN LAGAB TIMES BI;;121C1;;lagab×bi
452;;CUNEIFORM SIGN LAGAB TIMES DAR;;121C2;;lagab×dar
453;;CUNEIFORM SIGN LAGAB TIMES EN;;121C3;;lagab×en
454;;CUNEIFORM SIGN LAGAB TIMES GA;;121C4;;lagab×ga
455;;CUNEIFORM SIGN LAGAB TIMES GAR;;121C5;;lagab×gar
456;;CUNEIFORM SIGN LAGAB TIMES GUD;;121C6;;lagab×gud
457;;CUNEIFORM SIGN LAGAB TIMES GUD PLUS GUD;;121C7;;lagab×gud+gud
458;;CUNEIFORM SIGN LAGAB TIMES HA;;121C8;;lagab×ḫa
459;;CUNEIFORM SIGN LAGAB TIMES HAL;;121C9;;lagab×ḫal
460;;CUNEIFORM SIGN LAGAB TIMES HI TIMES NUN;;121CA;;lagab×ḫi×nun
461;;CUNEIFORM SIGN LAGAB TIMES IGI GUNU;;121CB;;lagab×igigunû
462;;CUNEIFORM SIGN LAGAB TIMES IM;;121CC;;lagab×im
463;;CUNEIFORM SIGN LAGAB TIMES IM PLUS HA;;121CD;;lagab×im+ḫa
464;;CUNEIFORM SIGN LAGAB TIMES IM PLUS LU;;121CE;;lagab×im+lu
465;;CUNEIFORM SIGN LAGAB TIMES KI;;121CF;;lagab×ki
466;;CUNEIFORM SIGN LAGAB TIMES KIN;;121D0;;lagab×kin
467;;CUNEIFORM SIGN LAGAB TIMES KU3;;121D1;;lagab×ku<sub>3</sub>
468;;CUNEIFORM SIGN LAGAB TIMES KUL;;121D2;;lagab×kul
469;;CUNEIFORM SIGN LAGAB TIMES KUL PLUS HI PLUS A;;121D3;;lagab×kul+ḫi+a
470;;CUNEIFORM SIGN LAGAB TIMES LAGAB;;121D4;;lagab×lagab
471;;CUNEIFORM SIGN LAGAB TIMES LISH;;121D5;;lagab×liš
472;;CUNEIFORM SIGN LAGAB TIMES LU;;121D6;;lagab×lu
473;;CUNEIFORM SIGN LAGAB TIMES LUL;;121D7;;lagab×lul
474;;CUNEIFORM SIGN LAGAB TIMES ME;;121D8;;lagab×me
475;;CUNEIFORM SIGN LAGAB TIMES ME PLUS EN;;121D9;;lagab×me+en
476;;CUNEIFORM SIGN LAGAB TIMES MUSH;;121DA;;lagab×muš
477;;CUNEIFORM SIGN LAGAB TIMES NE;;121DB;;lagab×ne
478;;CUNEIFORM SIGN LAGAB TIMES SHE PLUS SUM;;121DC;;lagab×še+sum
479;;CUNEIFORM SIGN LAGAB TIMES SHITA PLUS GISH PLUS ERIN2;;121DD;;lagab×šita+giš+erin<sub>2</sub>
480;;CUNEIFORM SIGN LAGAB TIMES SHITA PLUS GISH TENU;;121DE;;lagab×šita+gištenû
481;;CUNEIFORM SIGN LAGAB TIMES SHU2;;121DF;;lagab×šu<sub>2</sub>
482;;CUNEIFORM SIGN LAGAB TIMES SHU2 PLUS SHU2;;121E0;;lagab×šu<sub>2</sub>+šu<sub>2</sub>
483;;CUNEIFORM SIGN LAGAB TIMES SUM;;121E1;;lagab×sum
484;;CUNEIFORM SIGN LAGAB TIMES TAG;;121E2;;lagab×tag
485;;CUNEIFORM SIGN LAGAB TIMES TAK4;;121E3;;lagab×tak<sub>4</sub>
486;;CUNEIFORM SIGN LAGAB TIMES TE PLUS A PLUS SU PLUS NA;;121E4;;lagab×te+a+su+na
487;;CUNEIFORM SIGN LAGAB TIMES U;;121E5;;lagab×u
488;;CUNEIFORM SIGN LAGAB TIMES U PLUS A;;121E6;;lagab×u+a
489;;CUNEIFORM SIGN LAGAB TIMES U PLUS U PLUS U;;121E7;;lagab×u+u+u
490;;CUNEIFORM SIGN LAGAB TIMES U2 PLUS ASH;;121E8;;lagab×u<sub>2</sub>+aš
491;;CUNEIFORM SIGN LAGAB TIMES UD;;121E9;;lagab×ud
492;;CUNEIFORM SIGN LAGAB TIMES USH;;121EA;;lagab×uš
493;;CUNEIFORM SIGN LAGAB SQUARED;;121EB;;lagabimquadrat
494;;CUNEIFORM SIGN LAGAR;;121EC;;lagar
495;;CUNEIFORM SIGN LAGAR TIMES SHE;;121ED;;lagar×še
496;;CUNEIFORM SIGN LAGAR TIMES SHE PLUS SUM;;121EE;;lagar×še+sum
497;;CUNEIFORM SIGN LAGAR GUNU;;121EF;;lagargunû
498;;CUNEIFORM SIGN LAGAR GUNU OVER LAGAR GUNU SHE;;121F0;;lagargunû/lagargunûše
499;;CUNEIFORM SIGN LAHSHU;;121F1;;laḫšu
500;;CUNEIFORM SIGN LAL;;121F2;;lal
501;;CUNEIFORM SIGN LAL TIMES LAL;;121F3;;lal×lal
502;;CUNEIFORM SIGN LAM;;121F4;;lam
503;;CUNEIFORM SIGN LAM TIMES KUR;;121F5;;lam×kur
504;;CUNEIFORM SIGN LAM TIMES KUR PLUS RU;;121F6;;lam×kur+ru
505;;CUNEIFORM SIGN LI;;121F7;;li
506;;CUNEIFORM SIGN LIL;;121F8;;lil
507;;CUNEIFORM SIGN LIMMU2;;121F9;;limmu<sub>2</sub>
508;;CUNEIFORM SIGN LISH;;121FA;;liš
509;;CUNEIFORM SIGN LU;;121FB;;lu
510;;CUNEIFORM SIGN LU TIMES BAD;;121FC;;lu×bad
511;;CUNEIFORM SIGN LU2;;121FD;;lu<sub>2</sub>
512;;CUNEIFORM SIGN LU2 TIMES AL;;121FE;;lu<sub>2</sub>×al
513;;CUNEIFORM SIGN LU2 TIMES BAD;;121FF;;lu<sub>2</sub>×bad
514;;CUNEIFORM SIGN LU2 TIMES ESH2;;12200;;lu<sub>2</sub>×eš<sub>2</sub>
515;;CUNEIFORM SIGN LU2 TIMES ESH2 TENU;;12201;;lu<sub>2</sub>×eš<sub>2</sub>tenû
516;;CUNEIFORM SIGN LU2 TIMES GAN2 TENU;;12202;;lu<sub>2</sub>×gan<sub>2</sub>tenû
517;;CUNEIFORM SIGN LU2 TIMES HI TIMES BAD;;12203;;lu<sub>2</sub>×ḫi×bad
518;;CUNEIFORM SIGN LU2 TIMES IM;;12204;;lu<sub>2</sub>×im
519;;CUNEIFORM SIGN LU2 TIMES KAD2;;12205;;lu<sub>2</sub>×kad<sub>2</sub>
520;;CUNEIFORM SIGN LU2 TIMES KAD3;;12206;;lu<sub>2</sub>×kad<sub>3</sub>
521;;CUNEIFORM SIGN LU2 TIMES KAD3 PLUS ASH;;12207;;lu<sub>2</sub>×kad<sub>3</sub>+aš
522;;CUNEIFORM SIGN LU2 TIMES KI;;12208;;lu<sub>2</sub>×ki
523;;CUNEIFORM SIGN LU2 TIMES LA PLUS ASH;;12209;;lu<sub>2</sub>×la+aš
524;;CUNEIFORM SIGN LU2 TIMES LAGAB;;1220A;;lu<sub>2</sub>×lagab
525;;CUNEIFORM SIGN LU2 TIMES ME PLUS EN;;1220B;;lu<sub>2</sub>×me+en
526;;CUNEIFORM SIGN LU2 TIMES NE;;1220C;;lu<sub>2</sub>×ne
527;;CUNEIFORM SIGN LU2 TIMES NU;;1220D;;lu<sub>2</sub>×nu
528;;CUNEIFORM SIGN LU2 TIMES SI PLUS ASH;;1220E;;lu<sub>2</sub>×si+aš
529;;CUNEIFORM SIGN LU2 TIMES SIK2 PLUS BU;;1220F;;lu<sub>2</sub>×sik<sub>2</sub>+bu
530;;CUNEIFORM SIGN LU2 TIMES TUG2;;12210;;lu<sub>2</sub>×tug<sub>2</sub>
531;;CUNEIFORM SIGN LU2 TENU;;12211;;lu<sub>2</sub>tenû
532;;CUNEIFORM SIGN LU2 CROSSING LU2;;12212;;lu<sub>2</sub>kreuztlu<sub>2</sub>
533;;CUNEIFORM SIGN LU2 OPPOSING LU2;;12213;;lu<sub>2</sub>gegenüberlu<sub>2</sub>
534;;CUNEIFORM SIGN LU2 SQUARED;;12214;;lu<sub>2</sub>imquadrat
535;;CUNEIFORM SIGN LU2 SHESHIG;;12215;;lu<sub>2</sub>šešig
536;;CUNEIFORM SIGN LU3;;12216;;lu<sub>3</sub>
537;;CUNEIFORM SIGN LUGAL;;12217;;lugal
538;;CUNEIFORM SIGN LUGAL OVER LUGAL;;12218;;lugal/lugal
539;;CUNEIFORM SIGN LUGAL OPPOSING LUGAL;;12219;;lugalgegenüberlugal
540;;CUNEIFORM SIGN LUGAL SHESHIG;;1221A;;lugalšešig
541;;CUNEIFORM SIGN LUH;;1221B;;luḫ
542;;CUNEIFORM SIGN LUL;;1221C;;lul
543;;CUNEIFORM SIGN LUM;;1221D;;lum
544;;CUNEIFORM SIGN LUM OVER LUM;;1221E;;lum/lum
545;;CUNEIFORM SIGN LUM OVER LUM GAR OVER GAR;;1221F;;lum/lumgar/gar
546;;CUNEIFORM SIGN MA;;12220;;ma
547;;CUNEIFORM SIGN MA TIMES TAK4;;12221;;ma×tak<sub>4</sub>
548;;CUNEIFORM SIGN MA GUNU;;12222;;magunû
549;;CUNEIFORM SIGN MA2;;12223;;ma<sub>2</sub>
550;;CUNEIFORM SIGN MAH;;12224;;maḫ
551;;CUNEIFORM SIGN MAR;;12225;;mar
552;;CUNEIFORM SIGN MASH;;12226;;maš
553;;CUNEIFORM SIGN MASH2;;12227;;maš<sub>2</sub>
554;;CUNEIFORM SIGN ME;;12228;;me
555;;CUNEIFORM SIGN MES;;12229;;mes
556;;CUNEIFORM SIGN MI;;1222A;;mi
557;;CUNEIFORM SIGN MIN;;1222B;;min
558;;CUNEIFORM SIGN MU;;1222C;;mu
559;;CUNEIFORM SIGN MU OVER MU;;1222D;;mu/mu
560;;CUNEIFORM SIGN MUG;;1222E;;mug
561;;CUNEIFORM SIGN MUG GUNU;;1222F;;muggunû
562;;CUNEIFORM SIGN MUNSUB;;12230;;munsub
563;;CUNEIFORM SIGN MURGU2;;12231;;murgu<sub>2</sub>
564;;CUNEIFORM SIGN MUSH;;12232;;muš
565;;CUNEIFORM SIGN MUSH TIMES A;;12233;;muš×a
566;;CUNEIFORM SIGN MUSH TIMES KUR;;12234;;muš×kur
567;;CUNEIFORM SIGN MUSH TIMES ZA;;12235;;muš×za
568;;CUNEIFORM SIGN MUSH OVER MUSH;;12236;;muš/muš
569;;CUNEIFORM SIGN MUSH OVER MUSH TIMES A PLUS NA;;12237;;muš/muš×a+na
570;;CUNEIFORM SIGN MUSH CROSSING MUSH;;12238;;muškreuztmuš
571;;CUNEIFORM SIGN MUSH3;;12239;;muš<sub>3</sub>
572;;CUNEIFORM SIGN MUSH3 TIMES A;;1223A;;muš<sub>3</sub>×a
573;;CUNEIFORM SIGN MUSH3 TIMES A PLUS DI;;1223B;;muš<sub>3</sub>×a+di
574;;CUNEIFORM SIGN MUSH3 TIMES DI;;1223C;;muš<sub>3</sub>×di
575;;CUNEIFORM SIGN MUSH3 GUNU;;1223D;;muš<sub>3</sub>gunû
576;;CUNEIFORM SIGN NA;;1223E;;na
577;;CUNEIFORM SIGN NA2;;1223F;;na<sub>2</sub>
578;;CUNEIFORM SIGN NAGA;;12240;;naga
579;;CUNEIFORM SIGN NAGA INVERTED;;12241;;nagagedreht
580;;CUNEIFORM SIGN NAGA TIMES SHU TENU;;12242;;naga×šutenû
581;;CUNEIFORM SIGN NAGA OPPOSING NAGA;;12243;;nagagegenübernaga
582;;CUNEIFORM SIGN NAGAR;;12244;;nagar
583;;CUNEIFORM SIGN NAM NUTILLU;;12245;;namnutillu
584;;CUNEIFORM SIGN NAM;;12246;;nam
585;;CUNEIFORM SIGN NAM2;;12247;;nam<sub>2</sub>
586;;CUNEIFORM SIGN NE;;12248;;ne
587;;CUNEIFORM SIGN NE TIMES A;;12249;;ne×a
588;;CUNEIFORM SIGN NE TIMES UD;;1224A;;ne×ud
589;;CUNEIFORM SIGN NE SHESHIG;;1224B;;nešešig
590;;CUNEIFORM SIGN NI;;1224C;;ni
591;;CUNEIFORM SIGN NI TIMES E;;1224D;;ni×e
592;;CUNEIFORM SIGN NI2;;1224E;;ni<sub>2</sub>
593;;CUNEIFORM SIGN NIM;;1224F;;nim
594;;CUNEIFORM SIGN NIM TIMES GAN2 TENU;;12250;;nim×gan<sub>2</sub>tenû
595;;CUNEIFORM SIGN NIM TIMES GAR PLUS GAN2 TENU;;12251;;nim×gar+gan<sub>2</sub>tenû
596;;CUNEIFORM SIGN NINDA2;;12252;;ninda<sub>2</sub>
597;;CUNEIFORM SIGN NINDA2 TIMES AN;;12253;;ninda<sub>2</sub>×an
598;;CUNEIFORM SIGN NINDA2 TIMES ASH;;12254;;ninda<sub>2</sub>×aš
599;;CUNEIFORM SIGN NINDA2 TIMES ASH PLUS ASH;;12255;;ninda<sub>2</sub>×aš+aš
600;;CUNEIFORM SIGN NINDA2 TIMES GUD;;12256;;ninda<sub>2</sub>×gud
601;;CUNEIFORM SIGN NINDA2 TIMES ME PLUS GAN2 TENU;;12257;;ninda<sub>2</sub>×me+gan<sub>2</sub>tenû
602;;CUNEIFORM SIGN NINDA2 TIMES NE;;12258;;ninda<sub>2</sub>×ne
603;;CUNEIFORM SIGN NINDA2 TIMES NUN;;12259;;ninda<sub>2</sub>×nun
604;;CUNEIFORM SIGN NINDA2 TIMES SHE;;1225A;;ninda<sub>2</sub>×še
605;;CUNEIFORM SIGN NINDA2 TIMES SHE PLUS A AN;;1225B;;ninda<sub>2</sub>×še+aan
606;;CUNEIFORM SIGN NINDA2 TIMES SHE PLUS ASH;;1225C;;ninda<sub>2</sub>×še+aš
607;;CUNEIFORM SIGN NINDA2 TIMES SHE PLUS ASH PLUS ASH;;1225D;;ninda<sub>2</sub>×še+aš+aš
608;;CUNEIFORM SIGN NINDA2 TIMES U2 PLUS ASH;;1225E;;ninda<sub>2</sub>×u<sub>2</sub>+aš
609;;CUNEIFORM SIGN NINDA2 TIMES USH;;1225F;;ninda<sub>2</sub>×uš
610;;CUNEIFORM SIGN NISAG;;12260;;nisag
611;;CUNEIFORM SIGN NU;;12261;;nu
612;;CUNEIFORM SIGN NU11;;12262;;nu<sub>11</sub>
613;;CUNEIFORM SIGN NUN;;12263;;nun
614;;CUNEIFORM SIGN NUN LAGAR TIMES GAR;;12264;;nunlagar×gar
615;;CUNEIFORM SIGN NUN LAGAR TIMES MASH;;12265;;nunlagar×maš
616;;CUNEIFORM SIGN NUN LAGAR TIMES SAL;;12266;;nunlagar×sal
617;;CUNEIFORM SIGN NUN LAGAR TIMES SAL OVER NUN LAGAR TIMES SAL;;12267;;nunlagar×sal/nunlagar×sal
618;;CUNEIFORM SIGN NUN LAGAR TIMES USH;;12268;;nunlagar×uš
619;;CUNEIFORM SIGN NUN TENU;;12269;;nuntenû
620;;CUNEIFORM SIGN NUN OVER NUN;;1226A;;nun/nun
621;;CUNEIFORM SIGN NUN CROSSING NUN;;1226B;;nunkreuztnun
622;;CUNEIFORM SIGN NUN CROSSING NUN LAGAR OVER LAGAR;;1226C;;nunkreuztnunlagar/lagar
623;;CUNEIFORM SIGN NUNUZ;;1226D;;nunuz
624;;CUNEIFORM SIGN NUNUZ AB2 TIMES ASHGAB;;1226E;;nunuzab<sub>2</sub>×ašgab
625;;CUNEIFORM SIGN NUNUZ AB2 TIMES BI;;1226F;;nunuzab<sub>2</sub>×bi
626;;CUNEIFORM SIGN NUNUZ AB2 TIMES DUG;;12270;;nunuzab<sub>2</sub>×dug
627;;CUNEIFORM SIGN NUNUZ AB2 TIMES GUD;;12271;;nunuzab<sub>2</sub>×gud
628;;CUNEIFORM SIGN NUNUZ AB2 TIMES IGI GUNU;;12272;;nunuzab<sub>2</sub>×igigunû
629;;CUNEIFORM SIGN NUNUZ AB2 TIMES KAD3;;12273;;nunuzab<sub>2</sub>×kad<sub>3</sub>
630;;CUNEIFORM SIGN NUNUZ AB2 TIMES LA;;12274;;nunuzab<sub>2</sub>×la
631;;CUNEIFORM SIGN NUNUZ AB2 TIMES NE;;12275;;nunuzab<sub>2</sub>×ne
632;;CUNEIFORM SIGN NUNUZ AB2 TIMES SILA3;;12276;;nunuzab<sub>2</sub>×sila<sub>3</sub>
633;;CUNEIFORM SIGN NUNUZ AB2 TIMES U2;;12277;;nunuzab<sub>2</sub>×u<sub>2</sub>
634;;CUNEIFORM SIGN NUNUZ KISIM5 TIMES BI;;12278;;nunuzkisim<sub>5</sub>×bi
635;;CUNEIFORM SIGN NUNUZ KISIM5 TIMES BI U;;12279;;nunuzkisim<sub>5</sub>×biu
636;;CUNEIFORM SIGN PA;;1227A;;pa
637;;CUNEIFORM SIGN PAD;;1227B;;pad
638;;CUNEIFORM SIGN PAN;;1227C;;pan
639;;CUNEIFORM SIGN PAP;;1227D;;pap
640;;CUNEIFORM SIGN PESH2;;1227E;;peš<sub>2</sub>
641;;CUNEIFORM SIGN PI;;1227F;;pi
642;;CUNEIFORM SIGN PI TIMES A;;12280;;pi×a
643;;CUNEIFORM SIGN PI TIMES AB;;12281;;pi×ab
644;;CUNEIFORM SIGN PI TIMES BI;;12282;;pi×bi
645;;CUNEIFORM SIGN PI TIMES BU;;12283;;pi×bu
646;;CUNEIFORM SIGN PI TIMES E;;12284;;pi×e
647;;CUNEIFORM SIGN PI TIMES I;;12285;;pi×i
648;;CUNEIFORM SIGN PI TIMES IB;;12286;;pi×ib
649;;CUNEIFORM SIGN PI TIMES U;;12287;;pi×u
650;;CUNEIFORM SIGN PI TIMES U2;;12288;;pi×u<sub>2</sub>
651;;CUNEIFORM SIGN PI CROSSING PI;;12289;;pikreuztpi
652;;CUNEIFORM SIGN PIRIG;;1228A;;pirig
653;;CUNEIFORM SIGN PIRIG TIMES KAL;;1228B;;pirig×kal
654;;CUNEIFORM SIGN PIRIG TIMES UD;;1228C;;pirig×ud
655;;CUNEIFORM SIGN PIRIG TIMES ZA;;1228D;;pirig×za
656;;CUNEIFORM SIGN PIRIG OPPOSING PIRIG;;1228E;;piriggegenüberpirig
657;;CUNEIFORM SIGN RA;;1228F;;ra
658;;CUNEIFORM SIGN RAB;;12290;;rab
659;;CUNEIFORM SIGN RI;;12291;;ri
660;;CUNEIFORM SIGN RU;;12292;;ru
661;;CUNEIFORM SIGN SA;;12293;;sa
662;;CUNEIFORM SIGN SAG NUTILLU;;12294;;sagnutillu
663;;CUNEIFORM SIGN SAG;;12295;;sag
664;;CUNEIFORM SIGN SAG TIMES A;;12296;;sag×a
665;;CUNEIFORM SIGN SAG TIMES DU;;12297;;sag×du
666;;CUNEIFORM SIGN SAG TIMES DUB;;12298;;sag×dub
667;;CUNEIFORM SIGN SAG TIMES HA;;12299;;sag×ḫa
668;;CUNEIFORM SIGN SAG TIMES KAK;;1229A;;sag×kak
669;;CUNEIFORM SIGN SAG TIMES KUR;;1229B;;sag×kur
670;;CUNEIFORM SIGN SAG TIMES LUM;;1229C;;sag×lum
671;;CUNEIFORM SIGN SAG TIMES MI;;1229D;;sag×mi
672;;CUNEIFORM SIGN SAG TIMES NUN;;1229E;;sag×nun
673;;CUNEIFORM SIGN SAG TIMES SAL;;1229F;;sag×sal
674;;CUNEIFORM SIGN SAG TIMES SHID;;122A0;;sag×šid
675;;CUNEIFORM SIGN SAG TIMES TAB;;122A1;;sag×tab
676;;CUNEIFORM SIGN SAG TIMES U2;;122A2;;sag×u<sub>2</sub>
677;;CUNEIFORM SIGN SAG TIMES UB;;122A3;;sag×ub
678;;CUNEIFORM SIGN SAG TIMES UM;;122A4;;sag×um
679;;CUNEIFORM SIGN SAG TIMES UR;;122A5;;sag×ur
680;;CUNEIFORM SIGN SAG TIMES USH;;122A6;;sag×uš
681;;CUNEIFORM SIGN SAG OVER SAG;;122A7;;sag/sag
682;;CUNEIFORM SIGN SAG GUNU;;122A8;;saggunû
683;;CUNEIFORM SIGN SAL;;122A9;;sal
684;;CUNEIFORM SIGN SAL LAGAB TIMES ASH2;;122AA;;sallagab×aš<sub>2</sub>
685;;CUNEIFORM SIGN SANGA2;;122AB;;sanga<sub>2</sub>
686;;CUNEIFORM SIGN SAR;;122AC;;sar
687;;CUNEIFORM SIGN SHA;;122AD;;ša
688;;CUNEIFORM SIGN SHA3;;122AE;;ša<sub>3</sub>
689;;CUNEIFORM SIGN SHA3 TIMES A;;122AF;;ša<sub>3</sub>×a
690;;CUNEIFORM SIGN SHA3 TIMES BAD;;122B0;;ša<sub>3</sub>×bad
691;;CUNEIFORM SIGN SHA3 TIMES GISH;;122B1;;ša<sub>3</sub>×giš
692;;CUNEIFORM SIGN SHA3 TIMES NE;;122B2;;ša<sub>3</sub>×ne
693;;CUNEIFORM SIGN SHA3 TIMES SHU2;;122B3;;ša<sub>3</sub>×šu2
694;;CUNEIFORM SIGN SHA3 TIMES TUR;;122B4;;ša<sub>3</sub>×tur
695;;CUNEIFORM SIGN SHA3 TIMES U;;122B5;;ša<sub>3</sub>×u
696;;CUNEIFORM SIGN SHA3 TIMES U PLUS A;;122B6;;ša<sub>3</sub>×u+a
697;;CUNEIFORM SIGN SHA6;;122B7;;ša<sub>6</sub>
698;;CUNEIFORM SIGN SHAB6;;122B8;;šab<sub>6</sub>
699;;CUNEIFORM SIGN SHAR2;;122B9;;šar<sub>2</sub>
700;;CUNEIFORM SIGN SHE;;122BA;;še
701;;CUNEIFORM SIGN SHE HU;;122BB;;šeḫu
702;;CUNEIFORM SIGN SHE OVER SHE GAD OVER GAD GAR OVER GAR;;122BC;;še/šegad/gadgar/gar
703;;CUNEIFORM SIGN SHE OVER SHE TAB OVER TAB GAR OVER GAR;;122BD;;še/šetab/tabgar/gar
704;;CUNEIFORM SIGN SHEG9;;122BE;;šeg<sub>9</sub>
705;;CUNEIFORM SIGN SHEN;;122BF;;šen
706;;CUNEIFORM SIGN SHESH;;122C0;;šeš
707;;CUNEIFORM SIGN SHESH2;;122C1;;šeš<sub>2</sub>
708;;CUNEIFORM SIGN SHESHLAM;;122C2;;šešlam
709;;CUNEIFORM SIGN SHID;;122C3;;šid
710;;CUNEIFORM SIGN SHID TIMES A;;122C4;;šid×a
711;;CUNEIFORM SIGN SHID TIMES IM;;122C5;;šid×im
712;;CUNEIFORM SIGN SHIM;;122C6;;šim
713;;CUNEIFORM SIGN SHIM TIMES A;;122C7;;šim×a
714;;CUNEIFORM SIGN SHIM TIMES BAL;;122C8;;šim×bal
715;;CUNEIFORM SIGN SHIM TIMES BULUG;;122C9;;šim×bulug
716;;CUNEIFORM SIGN SHIM TIMES DIN;;122CA;;šim×din
717;;CUNEIFORM SIGN SHIM TIMES GAR;;122CB;;šim×gar
718;;CUNEIFORM SIGN SHIM TIMES IGI;;122CC;;šim×igi
719;;CUNEIFORM SIGN SHIM TIMES IGI GUNU;;122CD;;šim×igigunû
720;;CUNEIFORM SIGN SHIM TIMES KUSHU2;;122CE;;šim×kušu<sub>2</sub>
721;;CUNEIFORM SIGN SHIM TIMES LUL;;122CF;;šim×lul
722;;CUNEIFORM SIGN SHIM TIMES MUG;;122D0;;šim×mug
723;;CUNEIFORM SIGN SHIM TIMES SAL;;122D1;;šim×sal
724;;CUNEIFORM SIGN SHINIG;;122D2;;šinig
725;;CUNEIFORM SIGN SHIR;;122D3;;šir
726;;CUNEIFORM SIGN SHIR TENU;;122D4;;širtenû
727;;CUNEIFORM SIGN SHIR OVER SHIR BUR OVER BUR;;122D5;;šir/širbur/bur
728;;CUNEIFORM SIGN SHITA;;122D6;;šita
729;;CUNEIFORM SIGN SHU;;122D7;;šu
730;;CUNEIFORM SIGN SHU OVER INVERTED SHU;;122D8;;šu/šugedreht
731;;CUNEIFORM SIGN SHU2;;122D9;;šu<sub>2</sub>
732;;CUNEIFORM SIGN SHUBUR;;122DA;;šubur
733;;CUNEIFORM SIGN SI;;122DB;;si
734;;CUNEIFORM SIGN SI GUNU;;122DC;;sigunû
735;;CUNEIFORM SIGN SIG;;122DD;;sig
736;;CUNEIFORM SIGN SIG4;;122DE;;sig<sub>4</sub>
737;;CUNEIFORM SIGN SIG4 OVER SIG4 SHU2;;122DF;;sig<sub>4</sub>/sig<sub>4</sub>šu<sub>2</sub>
738;;CUNEIFORM SIGN SIK2;;122E0;;sik<sub>2</sub>
739;;CUNEIFORM SIGN SILA3;;122E1;;sila<sub>3</sub>
740;;CUNEIFORM SIGN SU;;122E2;;su
741;;CUNEIFORM SIGN SU OVER SU;;122E3;;su/su
742;;CUNEIFORM SIGN SUD;;122E4;;sud
743;;CUNEIFORM SIGN SUD2;;122E5;;sud<sub>2</sub>
744;;CUNEIFORM SIGN SUHUR;;122E6;;suhur
745;;CUNEIFORM SIGN SUM;;122E7;;sum
746;;CUNEIFORM SIGN SUMASH;;122E8;;sumaš
747;;CUNEIFORM SIGN SUR;;122E9;;sur
748;;CUNEIFORM SIGN SUR9;;122EA;;sur<sub>9</sub>
749;;CUNEIFORM SIGN TA;;122EB;;ta
750;;CUNEIFORM SIGN TA ASTERISK;;122EC;;ta*
751;;CUNEIFORM SIGN TA TIMES HI;;122ED;;ta×ḫi
752;;CUNEIFORM SIGN TA TIMES MI;;122EE;;ta×mi
753;;CUNEIFORM SIGN TA GUNU;;122EF;;tagunû
754;;CUNEIFORM SIGN TAB;;122F0;;tab
755;;CUNEIFORM SIGN TAB OVER TAB NI OVER NI DISH OVER DISH;;122F1;;tab/tabni/nidiš/diš
756;;CUNEIFORM SIGN TAB SQUARED;;122F2;;tabimquadrat
757;;CUNEIFORM SIGN TAG;;122F3;;tag
758;;CUNEIFORM SIGN TAG TIMES BI;;122F4;;tag×bi
759;;CUNEIFORM SIGN TAG TIMES GUD;;122F5;;tag×gud
760;;CUNEIFORM SIGN TAG TIMES SHE;;122F6;;tag×še
761;;CUNEIFORM SIGN TAG TIMES SHU;;122F7;;tag×šu
762;;CUNEIFORM SIGN TAG TIMES TUG2;;122F8;;tag×tug<sub>2</sub>
763;;CUNEIFORM SIGN TAG TIMES UD;;122F9;;tag×ud
764;;CUNEIFORM SIGN TAK4;;122FA;;tak<sub>4</sub>
765;;CUNEIFORM SIGN TAR;;122FB;;tar
766;;CUNEIFORM SIGN TE;;122FC;;te
767;;CUNEIFORM SIGN TE GUNU;;122FD;;tegunû
768;;CUNEIFORM SIGN TI;;122FE;;ti
769;;CUNEIFORM SIGN TI TENU;;122FF;;titenû
770;;CUNEIFORM SIGN TIL;;12300;;til
771;;CUNEIFORM SIGN TIR;;12301;;tir
772;;CUNEIFORM SIGN TIR TIMES TAK4;;12302;;tir×tak<sub>4</sub>
773;;CUNEIFORM SIGN TIR OVER TIR;;12303;;tir/tir
774;;CUNEIFORM SIGN TIR OVER TIR GAD OVER GAD GAR OVER GAR;;12304;;tir/tirgad/gadgar/gar
775;;CUNEIFORM SIGN TU;;12305;;tu
776;;CUNEIFORM SIGN TUG2;;12306;;tug<sub>2</sub>
777;;CUNEIFORM SIGN TUK;;12307;;tuk
778;;CUNEIFORM SIGN TUM;;12308;;tum
779;;CUNEIFORM SIGN TUR;;12309;;tur
780;;CUNEIFORM SIGN TUR OVER TUR ZA OVER ZA;;1230A;;tur/turza/za
781;;CUNEIFORM SIGN U;;1230B;;u
782;;CUNEIFORM SIGN U GUD;;1230C;;ugud
783;;CUNEIFORM SIGN U U U;;1230D;;uuu
784;;CUNEIFORM SIGN U OVER U PA OVER PA GAR OVER GAR;;1230E;;u/upa/pagar/gar
785;;CUNEIFORM SIGN U OVER U SUR OVER SUR;;1230F;;u/usur/sur
786;;CUNEIFORM SIGN U OVER U U REVERSED OVER U REVERSED;;12310;;u/uugedreht/ugedreht
787;;CUNEIFORM SIGN U2;;12311;;u<sub>2</sub>
788;;CUNEIFORM SIGN UB;;12312;;ub
789;;CUNEIFORM SIGN UD;;12313;;ud
790;;CUNEIFORM SIGN UD KUSHU2;;12314;;udkušu<sub>2</sub>
791;;CUNEIFORM SIGN UD TIMES BAD;;12315;;ud×bad
792;;CUNEIFORM SIGN UD TIMES MI;;12316;;ud×mi
793;;CUNEIFORM SIGN UD TIMES U PLUS U PLUS U;;12317;;ud×u+u+u
794;;CUNEIFORM SIGN UD TIMES U PLUS U PLUS U GUNU;;12318;;ud×u+u+ugunû
795;;CUNEIFORM SIGN UD GUNU;;12319;;udgunû
796;;CUNEIFORM SIGN UD SHESHIG;;1231A;;udšešig
797;;CUNEIFORM SIGN UD SHESHIG TIMES BAD;;1231B;;udšešig×bad
798;;CUNEIFORM SIGN UDUG;;1231C;;udug
799;;CUNEIFORM SIGN UM;;1231D;;um
800;;CUNEIFORM SIGN UM TIMES LAGAB;;1231E;;um×lagab
801;;CUNEIFORM SIGN UM TIMES ME PLUS DA;;1231F;;um×me+da
802;;CUNEIFORM SIGN UM TIMES SHA3;;12320;;um×ša<sub>3</sub>
803;;CUNEIFORM SIGN UM TIMES U;;12321;;um×u
804;;CUNEIFORM SIGN UMBIN;;12322;;umbin
805;;CUNEIFORM SIGN UMUM;;12323;;umum
806;;CUNEIFORM SIGN UMUM TIMES KASKAL;;12324;;umum×kaskal
807;;CUNEIFORM SIGN UMUM TIMES PA;;12325;;umum×pa
808;;CUNEIFORM SIGN UN;;12326;;un
809;;CUNEIFORM SIGN UN GUNU;;12327;;ungunû
810;;CUNEIFORM SIGN UR;;12328;;ur
811;;CUNEIFORM SIGN UR CROSSING UR;;12329;;urkreuztur
812;;CUNEIFORM SIGN UR SHESHIG;;1232A;;uršešig
813;;CUNEIFORM SIGN UR2;;1232B;;ur<sub>2</sub>
814;;CUNEIFORM SIGN UR2 TIMES A PLUS HA;;1232C;;ur<sub>2</sub>×a+ḫa
815;;CUNEIFORM SIGN UR2 TIMES A PLUS NA;;1232D;;ur<sub>2</sub>×a+na
816;;CUNEIFORM SIGN UR2 TIMES AL;;1232E;;ur<sub>2</sub>×al
817;;CUNEIFORM SIGN UR2 TIMES HA;;1232F;;ur<sub>2</sub>×ḫa
818;;CUNEIFORM SIGN UR2 TIMES NUN;;12330;;ur<sub>2</sub>×nun
819;;CUNEIFORM SIGN UR2 TIMES U2;;12331;;ur<sub>2</sub>×u<sub>2</sub>
820;;CUNEIFORM SIGN UR2 TIMES U2 PLUS ASH;;12332;;ur<sub>2</sub>×u<sub>2</sub>+aš
821;;CUNEIFORM SIGN UR2 TIMES U2 PLUS BI;;12333;;ur<sub>2</sub>×u<sub>2</sub>+bi
822;;CUNEIFORM SIGN UR4;;12334;;ur<sub>4</sub>
823;;CUNEIFORM SIGN URI;;12335;;uri
824;;CUNEIFORM SIGN URI3;;12336;;uri<sub>3</sub>
825;;CUNEIFORM SIGN URU;;12337;;uru
826;;CUNEIFORM SIGN URU TIMES A;;12338;;uru×a
827;;CUNEIFORM SIGN URU TIMES ASHGAB;;12339;;uru×ašgab
828;;CUNEIFORM SIGN URU TIMES BAR;;1233A;;uru×bar
829;;CUNEIFORM SIGN URU TIMES DUN;;1233B;;uru×dun
830;;CUNEIFORM SIGN URU TIMES GA;;1233C;;uru×ga
831;;CUNEIFORM SIGN URU TIMES GAL;;1233D;;uru×gal
832;;CUNEIFORM SIGN URU TIMES GAN2 TENU;;1233E;;uru×gan<sub>2</sub>tenû
833;;CUNEIFORM SIGN URU TIMES GAR;;1233F;;uru×gar
834;;CUNEIFORM SIGN URU TIMES GU;;12340;;uru×gu
835;;CUNEIFORM SIGN URU TIMES HA;;12341;;uru×ḫa
836;;CUNEIFORM SIGN URU TIMES IGI;;12342;;uru×igi
837;;CUNEIFORM SIGN URU TIMES IM;;12343;;uru×im
838;;CUNEIFORM SIGN URU TIMES ISH;;12344;;uru×iš
839;;CUNEIFORM SIGN URU TIMES KI;;12345;;uru×ki
840;;CUNEIFORM SIGN URU TIMES LUM;;12346;;uru×lum
841;;CUNEIFORM SIGN URU TIMES MIN;;12347;;uru×min
842;;CUNEIFORM SIGN URU TIMES PA;;12348;;uru×pa
843;;CUNEIFORM SIGN URU TIMES SHE;;12349;;uru×še
844;;CUNEIFORM SIGN URU TIMES SIG4;;1234A;;uru×sig<sub>4</sub>
845;;CUNEIFORM SIGN URU TIMES TU;;1234B;;uru×tu
846;;CUNEIFORM SIGN URU TIMES U PLUS GUD;;1234C;;uru×u+gud
847;;CUNEIFORM SIGN URU TIMES UD;;1234D;;uru×ud
848;;CUNEIFORM SIGN URU TIMES URUDA;;1234E;;uru×uruda
849;;CUNEIFORM SIGN URUDA;;1234F;;uruda
850;;CUNEIFORM SIGN URUDA TIMES U;;12350;;uruda×u
851;;CUNEIFORM SIGN USH;;12351;;uš
852;;CUNEIFORM SIGN USH TIMES A;;12352;;uš×a
853;;CUNEIFORM SIGN USH TIMES KU;;12353;;uš×ku
854;;CUNEIFORM SIGN USH TIMES KUR;;12354;;uš×kur
855;;CUNEIFORM SIGN USH TIMES TAK4;;12355;;uš×tak<sub>4</sub>
856;;CUNEIFORM SIGN USHX;;12356;;uš<sub>x</sub>
857;;CUNEIFORM SIGN USH2;;12357;;uš<sub>2</sub>
858;;CUNEIFORM SIGN USHUMX;;12358;;ušum<sub>x</sub>
859;;CUNEIFORM SIGN UTUKI;;12359;;utuki
860;;CUNEIFORM SIGN UZ3;;1235A;;uz<sub>3</sub>
861;;CUNEIFORM SIGN UZ3 TIMES KASKAL;;1235B;;uz<sub>3</sub>×kaskal
862;;CUNEIFORM SIGN UZU;;1235C;;uzu
863;;CUNEIFORM SIGN ZA;;1235D;;za
864;;CUNEIFORM SIGN ZA TENU;;1235E;;zatenû
865;;CUNEIFORM SIGN ZA SQUARED TIMES KUR;;1235F;;zaimquadrat×kur
866;;CUNEIFORM SIGN ZAG;;12360;;zag
867;;CUNEIFORM SIGN ZAMX;;12361;;zam<sub>x</sub>
868;;CUNEIFORM SIGN ZE2;;12362;;ze<sub>2</sub>
869;;CUNEIFORM SIGN ZI;;12363;;zi
870;;CUNEIFORM SIGN ZI OVER ZI;;12364;;zi/zi
871;;CUNEIFORM SIGN ZI3;;12365;;zi<sub>3</sub>
872;;CUNEIFORM SIGN ZIB;;12366;;zib
873;;CUNEIFORM SIGN ZIB KABA TENU;;12367;;zibkabatenû
874;;CUNEIFORM SIGN ZIG;;12368;;zig
875;;CUNEIFORM SIGN ZIZ2;;12369;;ziz<sub>2</sub>
876;;CUNEIFORM SIGN ZU;;1236A;;zu
877;;CUNEIFORM SIGN ZU5;;1236B;;zu<sub>5</sub>
878;;CUNEIFORM SIGN ZU5 TIMES A;;1236C;;zu<sub>5</sub>×a
879;;CUNEIFORM SIGN ZUBUR;;1236D;;zubur
880;;CUNEIFORM SIGN ZUM;;1236E;;zum
